time,N1,N2,P
0,0.5,0.3,0.1
0.5,0.530310065013118,0.319842810159719,0.109105063381083
1,0.549005852411511,0.33406458997612,0.120222287567534
1.5,0.557820021037234,0.343815050507684,0.133236390546322
2,0.5586262542273,0.350271058963011,0.148031849080057
2.5,0.553070403213169,0.354439771194841,0.164475986007009
3,0.542465377404081,0.357105150353959,0.182402306243864
3.5,0.527822009101929,0.358846204195483,0.201595918815277
4,0.509927530266508,0.360079500253804,0.22178290155968
4.5,0.489426217700507,0.361102751850457,0.242625513753619
5,0.466883828587328,0.362131046462306,0.263725022680312
5.5,0.442830807667138,0.363324251353627,0.284633367494056
6,0.417784914463626,0.364806666688802,0.304873817343816
6.5,0.39225625094318,0.366680503081934,0.323969250500162
7,0.366738870847071,0.369034531186678,0.34147497761805
7.5,0.341693956111264,0.371948886424198,0.357011640378952
8,0.317529915524042,0.375496752972208,0.370293162396983
8.5,0.294584425002932,0.379743556846797,0.381145344737232
9,0.273112262010085,0.384744332110888,0.389512424765421
9.5,0.253280987255477,0.390540006460302,0.395451275999158
10,0.235174566145842,0.397153400192168,0.39911520743404
10.5,0.218803425617763,0.404585694264497,0.400730887173841
11,0.204118553124745,0.412813991230352,0.40057245505157
11.5,0.191027114698026,0.42179039431959,0.398936478337785
12,0.179407504778748,0.431442804880437,0.396120387902199
12.5,0.169122445806698,0.441677420983169,0.392405824250005
13,0.160029467613072,0.452382731341989,0.388047249616999
13.5,0.151988656930809,0.463434649833809,0.383265414184508
14,0.144867924305068,0.474702333872459,0.378244831338468
14.5,0.138546210091076,0.486054181194685,0.373134261880959
15,0.132915095132844,0.497363508722849,0.36804924110615
15.5,0.127879249151489,0.508513482782419,0.363075820848617
16,0.123356082551244,0.519400982066856,0.358274876985249
16.5,0.119274891622026,0.529939215008117,0.353686510820103
17,0.115575716665697,0.540059058676678,0.349334228866569
17.5,0.112208072776757,0.549709214939721,0.345228711414921
18,0.109129664753141,0.558855375142057,0.34137107532373
18.5,0.106305159855653,0.56747863941797,0.337755603998457
19,0.103705063291642,0.575573451845911,0.334371962345906
19.5,0.101304719831042,0.583145295400883,0.331206941650391
20,0.0990834495317714,0.590208351722354,0.328245793392787
20.5,0.0970238150016491,0.596783281114391,0.325473215904238
21,0.0951110109384078,0.602895227181234,0.322874056520558
21.5,0.09333236296404,0.608572104545669,0.320433786965248
22,0.09167692121162,0.613843190786593,0.318138802788296
22.5,0.0901351340597603,0.618738016252733,0.315976590048154
23,0.0886985882975621,0.62328552727335,0.313935794852098
23.5,0.0873598034233909,0.627513488051706,0.312006224354618
24,0.0861120694317572,0.631448082375711,0.310178801613744
24.5,0.0849493191199477,0.635113676412729,0.308445491420796
25,0.0838660275237021,0.63853270671166,0.306799209846155
25.5,0.0828571325008928,0.641725661884574,0.305233726716631
26,0.081917971695898,0.644711131387619,0.303743567460801
26.5,0.0810442321332395,0.647505899766867,0.302323918617331
27,0.0802319095205124,0.650125069314557,0.300970539688396
27.5,0.0794772750088732,0.652582198104188,0.299679682834677
28,0.0787768476883402,0.654889443768168,0.298448021060725
28.5,0.0781273715085859,0.657057706154912,0.297272584953708
29,0.0775257956354674,0.659096764203491,0.296150707651732
29.5,0.0769692574981808,0.661015404074925,0.29507997747898
30,0.0764550679676125,0.662821536859144,0.294058197553514
30.5,0.0759806982463281,0.664522305112337,0.293083351618224
31,0.0755437681552503,0.666124178141028,0.292153575341988
31.5,0.0751420355798404,0.667633036397574,0.291267132368711
32,0.0747733868960639,0.669054245637971,0.290422394443112
32.5,0.0744358282386736,0.670392721658409,0.289617825004538
33,0.0741274775052911,0.671652986505426,0.288851965706842
33.5,0.0738465570123449,0.672839217071509,0.288123425389177
34,0.0735913867353886,0.673955286963709,0.287430871086218
34.5,0.0733603780783185,0.675004802482124,0.286773020725388
35,0.0731520281247946,0.675991133479013,0.286148637211966
35.5,0.0729649143316408,0.676917439795767,0.285556523650336
36,0.0727976896288363,0.677786693899498,0.284995519490999
36.5,0.0726490778943859,0.678601700267291,0.284464497428789
37,0.0725178697752256,0.679365111996627,0.283962360908233
37.5,0.0724029188276273,0.680079445056438,0.283488042117902
38,0.0723031379524856,0.680747090535391,0.283040500377306
38.5,0.0722174961025219,0.681370325192531,0.282618720837981
39,0.072145015239909,0.681951320570133,0.282221713435399
39.5,0.0720847675241639,0.682492150889218,0.281848512040639
40,0.072035872711401,0.682994799914222,0.281498173770827
40.5,0.0719974957472258,0.683461166944134,0.281169778425531
41,0.0719688445366729,0.683893072062677,0.280862428022908
41.5,0.0719491678756803,0.684292260759045,0.280575246414699
42,0.0719377535296338,0.684660408013032,0.280307378963426
42.5,0.0719339264455232,0.684999121923468,0.280057992268531
43,0.0719370470852207,0.685309946946439,0.279826273930836
43.5,0.0719465098683236,0.685594366799306,0.279611432346855
44,0.0719617417138994,0.685853807077866,0.279412696526091
44.5,0.0719822006713263,0.68608963762674,0.279229315925791
45,0.0720073746312408,0.686303174697024,0.279060560298585
45.5,0.0720367801083821,0.686495682920199,0.278905719549266
46,0.072069961088863,0.686668377123111,0.278764103597523
46.5,0.0721064879350972,0.686822424005284,0.278635042243967
47,0.0721459563422747,0.686958943696915,0.278517885037116
47.5,0.0721879863408982,0.687079011213371,0.278412001139323
48,0.072232221340478,0.687183657819978,0.278316779189871
48.5,0.0722783272100327,0.687273872319023,0.278231627163648
49,0.0723259913915466,0.687350602269449,0.278155972223983
49.5,0.0723749220430147,0.687414755148348,0.278089260568388
50,0.0724248472081408,0.687467199462259,0.278030957266065
50.5,0.0724755140101581,0.687508765815269,0.277980546086183
51,0.0725266878676156,0.687540247940058,0.27793752931603
51.5,0.0725781517303089,0.687562403697231,0.277901427568298
52,0.0726297053338423,0.687575956047647,0.277871779576831
52.5,0.0726811644715893,0.687581594001769,0.277848141980323
53,0.0727323602830628,0.687579973549588,0.277830089093554
53.5,0.072783138557933,0.687571718574093,0.277817212665858
54,0.0728333590551234,0.687557421750878,0.277809121626648
54.5,0.072882894836587,0.687537645436016,0.277805441817937
55,0.0729316316155131,0.687512922543988,0.277805815713878
55.5,0.0729794671188406,0.687483757417083,0.277809902127504
56,0.073026310464058,0.687450626687419,0.277817375904888
56.5,0.0730720815503589,0.687413980132411,0.277827927607114
57,0.073116710464287,0.687374241524289,0.277841263180468
57.5,0.0731601369000621,0.687331809474027,0.277857103615427
58,0.0732023095948102,0.687287058269846,0.277875184595021
58.5,0.0732431857789518,0.687240338710272,0.277895256133288
59,0.0732827306420086,0.687191978931566,0.277917082204561
59.5,0.0733209168140973,0.68714228522921,0.277940440364407
60,0.0733577238633644,0.687091542873013,0.277965121363081
60.5,0.0733931378096074,0.687040016915297,0.277990928752395
61,0.0734271506542994,0.686987952991535,0.278017678486941
61.5,0.0734597599272094,0.68693557811276,0.278045198520635
62,0.0734909682497752,0.686883101448998,0.278073328399552
62.5,0.0735207829153514,0.686830715102946,0.278101918852044
63,0.073549215486411,0.686778594873098,0.278130831377129
63.5,0.0735762814087423,0.686726901005489,0.278159937832136
64,0.0736019996426363,0.686675778933263,0.278189120020571
64.5,0.0736263923110171,0.686625360003246,0.278218269281153
65,0.0736494843644252,0.686575762188735,0.278247286078957
65.5,0.07367130326272,0.686527090787765,0.27827607959955
66,0.0736918786733261,0.686479439106103,0.278304567346978
66.5,0.0737112421858093,0.686432889124307,0.278332674746439
67,0.073729427042527,0.686387512148216,0.278360334752409
67.5,0.0737464678850672,0.686343369442266,0.278387487462958
68,0.07376240051615,0.68630051284513,0.278414079740946
68.5,0.0737772616766415,0.686258985367191,0.278440064842724
69,0.0737910888372966,0.686218821769449,0.278465402054936
69.5,0.0738039200048261,0.686180049123505,0.278490056339937
70,0.073815793541859,0.686142687352336,0.278513997990322
70.5,0.0738267480003521,0.686106749751648,0.278537202292971
71,0.0738368219679843,0.686072243491621,0.278559649202998
71.5,0.0738460539270564,0.686039170098969,0.278581323027912
72,0.0738544821254105,0.686007525919253,0.278602212122259
72.5,0.0738621444588716,0.685977302559475,0.278622308592964
73,0.0738690783647109,0.685948487311022,0.278641608015544
73.5,0.0738753207256264,0.685921063553082,0.278660109161309
74,0.073880907783736,0.685895011136705,0.278677813735628
74.5,0.0738858750640799,0.685870306749739,0.278694726127307
75,0.0738902573071326,0.68584692426291,0.278710853169056
75.5,0.0738940884098302,0.685824835057339,0.278726203909019
76,0.0738974013746248,0.685804008333869,0.278740789393275
76.5,0.073900228266089,0.685784411404554,0.278754622459213
77,0.0739026001745995,0.685766009966754,0.278767717539629
77.5,0.0739045471866435,0.685748768360256,0.278780090477383
78,0.0739060983613019,0.685732649807892,0.27879175835042
78.5,0.0739072817124761,0.68571761664015,0.278802739306939
79,0.0739081241964409,0.685703630504277,0.278813052410478
79.5,0.0739086517043174,0.685690652558398,0.278822717494656
80,0.0739088890590785,0.685678643651183,0.2788317550273
80.5,0.0739088600167112,0.685667564487609,0.278840185983687
81,0.0739085872711785,0.685657375781367,0.278848031728595
81.5,0.073908092462838,0.685648038394469,0.278855313906867
82,0.0739073961899894,0.685639513464607,0.278862054342173
82.5,0.0739065180232422,0.685631762520824,0.278868274943658
83,0.0739054765224067,0.68562474758806,0.278873997620168
83.5,0.073904289255629,0.685618431281103,0.278879244201702
84,0.0739029728205081,0.685612776888505,0.278884036367809
84.5,0.0739015428669432,0.685607748446994,0.278888395582576
85,0.0739000141214807,0.68560331080691,0.278892343035907
85.5,0.0738984004129388,0.685599429689175,0.278895899590766
86,0.0738967146991071,0.685596071734313,0.278899085736085
86.5,0.0738949690943268,0.685593204544002,0.278901921545011
87,0.0738931748977774,0.68559079671564,0.278904426638216
87.5,0.0738913426223006,0.685588817870401,0.278906620151947
88,0.0738894820236111,0.685587238675206,0.278908520710557
88.5,0.0738876021297531,0.685586030859066,0.278910146403214
89,0.0738857112706717,0.68558516722421,0.278911514764528
89.5,0.0738838171077813,0.685584621652391,0.278912642758832
90,0.0738819266634231,0.685584369106771,0.278913546767862
90.5,0.073880046350112,0.685584385629741,0.278914242581587
91,0.0738781819994852,0.685584648337043,0.278914745391958
91.5,0.0738763388908716,0.685585135408518,0.278915069789345
92,0.07387452177941,0.685585826075811,0.278915229761451
92.5,0.0738727349236529,0.685586700607334,0.278915238694486
93,0.0738709821126003,0.685587740290776,0.278915109376416
93.5,0.0738692666921117,0.685588927413431,0.278914854002078
94,0.0738675915906567,0.685590245240606,0.278914484180004
94.5,0.0738659593443654,0.685591677992348,0.27891401094077
95,0.0738643721213496,0.685593210818722,0.27891344474671
95.5,0.0738628317452678,0.68559482977385,0.278912795502845
96,0.0738613397181145,0.685596521788911,0.278912072568886
96.5,0.0738598972422187,0.685598274644297,0.278911284772166
97,0.0738585052414383,0.685600076941081,0.278910440421387
97.5,0.0738571643815447,0.685601918071982,0.27890954732105
98,0.0738558750897924,0.685603788191953,0.27890861278647
98.5,0.0738546375736735,0.685605678188546,0.278907643659256
99,0.0738534518388596,0.685607579652172,0.27890664632318
99.5,0.073852317706336,0.685609484846379,0.278905626720323
100,0.0738512348287354,0.685611386678243,0.278904590367433
100.5,0.0738502027058819,0.685613278668986,0.27890354237241
101,0.0738492206995568,0.685615154924889,0.278902487450848
101.5,0.0738482880474992,0.685617010108589,0.27890142994257
102,0.0738474038766575,0.685618839410837,0.278900373828106
102.5,0.0738465672157081,0.685620638522763,0.278899322745035
103,0.0738457770068592,0.685622403608719,0.278898280004181
103.5,0.0738450321169579,0.68562413127974,0.278897248605581
104,0.0738443313479216,0.685625818567666,0.278896231254207
104.5,0.0738436734465134,0.68562746289997,0.278895230375412
105,0.0738430571134821,0.685629062075311,0.278894248130042
105.5,0.0738424810120894,0.685630614239838,0.278893286429226
106,0.0738419437760456,0.685632117864278,0.278892346948776
106.5,0.0738414440168757,0.685633571721814,0.27889143114322
107,0.0738409803307388,0.685634974866756,0.278890540259418
107.5,0.0738405513047223,0.685636326614041,0.278889675349767
108,0.0738401555226338,0.685637626519527,0.278888837284969
108.5,0.0738397915703131,0.685638874361122,0.278888026766366
109,0.0738394580404848,0.685640070120715,0.278887244337826
109.5,0.0738391535371755,0.685641213966922,0.278886490397184
110,0.0738388766797145,0.685642306238627,0.278885765207223
110.5,0.0738386261063417,0.685643347429325,0.278885068906209
111,0.073838400477441,0.685644338172238,0.27888440151797
111.5,0.0738381984784208,0.685645279226198,0.278883762961526
112,0.0738380188222615,0.68564617146229,0.278883153060278
112.5,0.0738378602517482,0.685647015851221,0.278882571550748
113,0.0738377215414085,0.685647813451414,0.278882018090896
113.5,0.073837601499173,0.685648565397795,0.278881492268
114,0.0738374989677762,0.685649272891272,0.278880993606124
114.5,0.0738374128259145,0.685649937188857,0.278880521573177
115,0.0738373419891792,0.685650559594441,0.278880075587567
115.5,0.0738372854107785,0.685651141450176,0.278879655024474
116,0.073837242082065,0.685651684128461,0.278879259221733
116.5,0.0738372110328825,0.685652189024494,0.278878887485362
117,0.0738371913317478,0.685652657549378,0.278878539094728
117.5,0.0738371820858785,0.685653091123759,0.278878213307365
118,0.0738371824410815,0.685653491171961,0.278877909363472
118.5,0.0738371915815144,0.685653859116617,0.278877626490078
119,0.0738372087293303,0.685654196373754,0.278877363904911
119.5,0.0738372331442178,0.685654504348323,0.278877120819964
120,0.0738372641228473,0.685654784430141,0.278876896444785
120.5,0.0738373009982325,0.685655037990242,0.278876689989488
121,0.0738373431390168,0.685655266377595,0.278876500667519
121.5,0.0738373899486944,0.685655470916182,0.278876327698164
122,0.0738374408647728,0.685655652902415,0.278876170308826
122.5,0.0738374953578866,0.685655813602865,0.278876027737088
123,0.0738375529308675,0.685655954252296,0.278875899232552
123.5,0.0738376131177799,0.685656076051976,0.27887578405849
124,0.0738376754829273,0.685656180168246,0.278875681493301
124.5,0.0738377396198346,0.685656267731343,0.278875590831791
125,0.073837805150214,0.685656339834443,0.278875511386289
125.5,0.0738378717229181,0.685656397532924,0.2788754424876
126,0.0738379390128852,0.685656441843819,0.278875383485823
126.5,0.0738380067200816,0.685656473745458,0.278875333751015
127,0.0738380745684448,0.685656494177272,0.278875292673742
127.5,0.0738381423048307,0.685656504039758,0.278875259665503
128,0.0738382096979694,0.685656504194576,0.278875234159047
128.5,0.0738382765374311,0.685656495464791,0.278875215608582
129,0.0738383426326063,0.685656478635214,0.278875203489901
129.5,0.0738384078117018,0.685656454452862,0.278875197300405
130,0.0738384719207546,0.685656423627508,0.278875196559066
130.5,0.0738385348226673,0.685656386832321,0.278875200806295
131,0.0738385963962638,0.685656344704576,0.278875209603769
131.5,0.0738386565353698,0.685656297846436,0.278875222534175
132,0.0738387151479173,0.685656246825791,0.278875239200915
132.5,0.0738387721550751,0.685656192177145,0.278875259227757
133,0.0738388274904064,0.68565613440255,0.278875282258445
133.5,0.0738388810990531,0.685656073972578,0.278875307956271
134,0.0738389329369486,0.685656011327314,0.278875336003611
134.5,0.0738389829700591,0.68565594687738,0.278875366101437
135,0.0738390311736531,0.685655881004978,0.278875397968804
135.5,0.0738390775316006,0.685655814064939,0.278875431342309
136,0.0738391220357004,0.685655746385786,0.278875465975542
136.5,0.0738391646850367,0.685655678270796,0.278875501638524
137,0.0738392054853643,0.685655609999068,0.278875538117123
137.5,0.0738392444485222,0.685655541826577,0.278875575212475
138,0.0738392815918753,0.685655473987231,0.278875612740398
138.5,0.0738393169377843,0.685655406693907,0.278875650530794
139,0.0738393505131017,0.685655340139483,0.278875688427067
139.5,0.0738393823486959,0.685655274497846,0.278875726285526
140,0.0738394124790003,0.685655209924885,0.278875763974808
140.5,0.073839440941589,0.685655146559466,0.278875801375295
141,0.0738394677767761,0.685655084524382,0.278875838378543
141.5,0.0738394930272406,0.685655023927279,0.278875874886721
142,0.0738395167376737,0.685654964861557,0.278875910812059
142.5,0.0738395389544493,0.685654907407253,0.278875946076303
143,0.0738395597253163,0.685654851631881,0.278875980610188
143.5,0.0738395790991127,0.685654797591263,0.278876014352922
144,0.0738395971254987,0.685654745330316,0.278876047251685
144.5,0.0738396138547113,0.685654694883822,0.278876079261134
145,0.0738396293373364,0.685654646277161,0.278876110342937
145.5,0.0738396436240993,0.685654599527022,0.278876140465311
146,0.0738396567656727,0.685654554642077,0.27887616960258
146.5,0.0738396688125011,0.685654511623632,0.278876197734746
147,0.0738396798146407,0.685654470466248,0.278876224847084
147.5,0.0738396898216144,0.685654431158334,0.27887625092974
148,0.0738396988822812,0.685654393682705,0.278876275977358
148.5,0.0738397070447187,0.685654358017122,0.278876299988716
149,0.0738397143561184,0.6856543241348,0.278876322966377
149.5,0.0738397208626932,0.685654292004886,0.278876344916364
150,0.0738397266095964,0.685654261592916,0.27887636584784
150.5,0.0738397316408508,0.685654232861242,0.278876385772812
151,0.0738397359992879,0.68565420576944,0.278876404705845
151.5,0.0738397397264974,0.685654180274684,0.278876422663795
152,0.0738397428627842,0.685654156332104,0.278876439665554
152.5,0.0738397454471341,0.685654133895121,0.278876455731811
153,0.0738397475171874,0.685654112915755,0.278876470884824
153.5,0.0738397491092192,0.685654093344916,0.278876485148209
154,0.0738397502581262,0.685654075132672,0.278876498546742
154.5,0.0738397509974194,0.685654058228496,0.278876511106169
155,0.073839751359223,0.6856540425815,0.278876522853036
155.5,0.0738397513742774,0.685654028140643,0.278876533814526
156,0.0738397510719478,0.685654014854929,0.278876544018306
156.5,0.073839750480236,0.685654002673581,0.278876553492389
157,0.0738397496257969,0.685653991546203,0.278876562265006
157.5,0.0738397485339577,0.685653981422931,0.278876570364487
158,0.073839747228741,0.68565397225456,0.27887657781915
158.5,0.0738397457328895,0.685653963992666,0.278876584657203
159,0.0738397440678941,0.685653956589711,0.278876590906653
159.5,0.0738397422540238,0.685653949999136,0.278876596595222
160,0.0738397403103571,0.685653944175447,0.278876601750276
160.5,0.073839738254815,0.685653939074282,0.278876606398753
161,0.0738397361041961,0.685653934652472,0.278876610567109
161.5,0.0738397338742115,0.6856539308681,0.27887661428126
162,0.0738397315795216,0.685653927680537,0.278876617566539
162.5,0.073839729233773,0.68565392505048,0.278876620447654
163,0.0738397268496359,0.685653922939978,0.278876622948652
163.5,0.0738397244388421,0.685653921312454,0.278876625092894
164,0.0738397220122227,0.685653920132716,0.278876626903024
164.5,0.0738397195797464,0.685653919366969,0.278876628400956
165,0.0738397171505566,0.68565391898281,0.27887662960785
165.5,0.0738397147330096,0.68565391894923,0.27887663054411
166,0.0738397123347111,0.685653919236606,0.278876631229367
166.5,0.0738397099625533,0.685653919816685,0.278876631682482
167,0.0738397076227506,0.685653920662573,0.278876631921539
167.5,0.0738397053208752,0.68565392174871,0.27887663196385
168,0.0738397030618917,0.685653923050854,0.278876631825955
168.5,0.0738397008501912,0.685653924546049,0.278876631523634
169,0.0738396986896239,0.685653926212601,0.278876631071911
169.5,0.0738396965835318,0.685653928030049,0.278876630485069
170,0.0738396945347795,0.68565392997913,0.278876629776656
170.5,0.0738396925457851,0.685653932041747,0.278876628959505
171,0.0738396906185487,0.685653934200936,0.278876628045746
171.5,0.0738396887546814,0.685653936440828,0.278876627046824
172,0.0738396869554325,0.685653938746616,0.278876625973514
172.5,0.0738396852217153,0.68565394110451,0.278876624835944
173,0.0738396835541328,0.68565394350171,0.278876623643608
173.5,0.0738396819530019,0.685653945926359,0.278876622405392
174,0.0738396804183761,0.685653948367509,0.27887662112959
174.5,0.0738396789500683,0.685653950815084,0.278876619823925
175,0.0738396775476712,0.685653953259837,0.278876618495572
175.5,0.0738396762105781,0.685653955693318,0.278876617151178
176,0.0738396749380013,0.685653958107833,0.278876615796883
176.5,0.0738396737289909,0.685653960496408,0.278876614438341
177,0.0738396725824513,0.685653962852753,0.278876613080741
177.5,0.0738396714971582,0.685653965171227,0.278876611728829
178,0.0738396704717731,0.685653967446801,0.278876610386929
178.5,0.0738396695048583,0.685653969675026,0.278876609058961
179,0.0738396685948902,0.685653971851999,0.278876607748463
179.5,0.073839667740272,0.685653973974329,0.278876606458612
180,0.0738396669393456,0.685653976039108,0.278876605192241
180.5,0.0738396661904027,0.685653978043879,0.278876603951859
181,0.0738396654916954,0.685653979986608,0.278876602739671
181.5,0.0738396648414452,0.685653981865651,0.278876601557593
182,0.0738396642378524,0.685653983679734,0.278876600407273
182.5,0.0738396636791041,0.685653985427918,0.278876599290106
183,0.0738396631633818,0.68565398710958,0.278876598207249
183.5,0.0738396626888684,0.685653988724387,0.278876597159642
184,0.0738396622537544,0.68565399027227,0.278876596148017
184.5,0.0738396618562438,0.685653991753405,0.278876595172918
185,0.0738396614945593,0.685653993168191,0.278876594234712
185.5,0.073839661166947,0.685653994517226,0.278876593333604
186,0.0738396608716808,0.685653995801294,0.278876592469649
186.5,0.073839660607066,0.685653997021343,0.278876591642768
187,0.0738396603714426,0.685653998178467,0.278876590852752
187.5,0.0738396601631887,0.685653999273892,0.278876590099284
188,0.0738396599807224,0.685654000308957,0.27887658938194
188.5,0.0738396598225044,0.685654001285106,0.278876588700207
189,0.07383965968704,0.685654002203866,0.278876588053485
189.5,0.0738396595728802,0.685654003066841,0.278876587441103
190,0.0738396594786233,0.685654003875696,0.278876586862325
190.5,0.0738396594029158,0.685654004632147,0.278876586316357
191,0.0738396593444531,0.685654005337951,0.278876585802357
191.5,0.0738396593019798,0.685654005994897,0.278876585319438
192,0.0738396592742905,0.685654006604794,0.278876584866682
192.5,0.0738396592602292,0.685654007169466,0.278876584443137
193,0.0738396592586897,0.685654007690743,0.278876584047832
193.5,0.0738396592686152,0.685654008170453,0.278876583679775
194,0.0738396592889976,0.685654008610418,0.278876583337964
194.5,0.0738396593188773,0.685654009012446,0.278876583021386
195,0.0738396593573424,0.685654009378326,0.278876582729026
195.5,0.0738396594035276,0.685654009709825,0.278876582459869
196,0.073839659456614,0.685654010008681,0.278876582212903
196.5,0.0738396595158272,0.685654010276602,0.278876581987122
197,0.073839659580437,0.685654010515259,0.278876581781533
197.5,0.0738396596497558,0.685654010726288,0.278876581595153
198,0.0738396597231377,0.685654010911281,0.278876581427014
198.5,0.0738396597999772,0.68565401107179,0.278876581276167
199,0.0738396598797077,0.685654011209322,0.278876581141682
199.5,0.0738396599618006,0.685654011325338,0.278876581022646
200,0.0738396600457637,0.68565401142125,0.278876580918175
200.5,0.0738396601311398,0.685654011498423,0.278876580827402
201,0.0738396602175055,0.685654011558173,0.278876580749488
201.5,0.0738396603044698,0.685654011601765,0.27887658068362
202,0.073839660391673,0.685654011630416,0.278876580629009
202.5,0.0738396604787846,0.685654011645291,0.278876580584895
203,0.0738396605655029,0.685654011647505,0.278876580550544
203.5,0.073839660651553,0.685654011638127,0.278876580525249
204,0.0738396607366856,0.685654011618171,0.278876580508333
204.5,0.073839660820676,0.685654011588607,0.278876580499144
205,0.0738396609033225,0.685654011550354,0.278876580497059
205.5,0.0738396609844453,0.685654011504287,0.278876580501484
206,0.0738396610638855,0.685654011451231,0.27887658051185
206.5,0.0738396611415033,0.685654011391968,0.278876580527617
207,0.0738396612171774,0.685654011327236,0.278876580548269
207.5,0.0738396612908038,0.685654011257729,0.27887658057332
208,0.0738396613622945,0.685654011184098,0.278876580602307
208.5,0.0738396614315765,0.685654011106955,0.278876580634792
209,0.0738396614985909,0.685654011026873,0.278876580670364
209.5,0.073839661563292,0.685654010944386,0.278876580708635
210,0.073839661625646,0.68565401085999,0.278876580749239
210.5,0.0738396616856303,0.685654010774148,0.278876580791834
211,0.0738396617432329,0.685654010687288,0.2788765808361
211.5,0.073839661798451,0.685654010599804,0.278876580881737
212,0.0738396618512906,0.685654010512062,0.278876580928468
212.5,0.0738396619017656,0.685654010424393,0.278876580976033
213,0.0738396619498974,0.685654010337104,0.278876581024191
213.5,0.0738396619957136,0.685654010250474,0.278876581072723
214,0.0738396620392478,0.685654010164753,0.278876581121424
214.5,0.0738396620805388,0.68565401008017,0.278876581170105
215,0.0738396621196302,0.685654009996928,0.278876581218596
215.5,0.0738396621565697,0.68565400991521,0.278876581266741
216,0.0738396621914085,0.685654009835178,0.278876581314397
216.5,0.0738396622242009,0.685654009756971,0.278876581361438
217,0.0738396622550042,0.685654009680714,0.278876581407747
217.5,0.0738396622838774,0.685654009606513,0.278876581453222
218,0.0738396623108818,0.685654009534456,0.278876581497773
218.5,0.0738396623360798,0.685654009464617,0.278876581541319
219,0.0738396623595353,0.685654009397058,0.278876581583791
219.5,0.0738396623813125,0.685654009331824,0.278876581625129
220,0.0738396624014766,0.68565400926895,0.278876581665282
220.5,0.0738396624200927,0.68565400920846,0.278876581704209
221,0.0738396624372259,0.685654009150365,0.278876581741874
221.5,0.0738396624529412,0.685654009094671,0.278876581778251
222,0.0738396624673029,0.68565400904137,0.27887658181332
222.5,0.073839662480375,0.685654008990449,0.278876581847067
223,0.0738396624922203,0.685654008941888,0.278876581879485
223.5,0.0738396625029007,0.685654008895659,0.27887658191057
224,0.0738396625124773,0.685654008851727,0.278876581940326
224.5,0.0738396625210095,0.685654008810055,0.27887658196876
225,0.0738396625285557,0.685654008770599,0.278876581995882
225.5,0.0738396625351727,0.685654008733312,0.278876582021707
226,0.0738396625409157,0.68565400869814,0.278876582046255
226.5,0.0738396625458386,0.685654008665031,0.278876582069545
227,0.0738396625499934,0.685654008633927,0.278876582091602
227.5,0.0738396625534306,0.685654008604768,0.278876582112451
228,0.0738396625561986,0.685654008577494,0.278876582132123
228.5,0.0738396625583446,0.68565400855204,0.278876582150645
229,0.0738396625599137,0.685654008528343,0.27887658216805
229.5,0.0738396625609492,0.685654008506339,0.278876582184372
230,0.0738396625614927,0.685654008485961,0.278876582199643
230.5,0.073839662561584,0.685654008467145,0.278876582213898
231,0.0738396625612611,0.685654008449824,0.278876582227174
231.5,0.0738396625605605,0.685654008433934,0.278876582239506
232,0.0738396625595165,0.685654008419409,0.27887658225093
232.5,0.073839662558162,0.685654008406186,0.278876582261483
233,0.0738396625565282,0.685654008394201,0.278876582271201
233.5,0.0738396625546446,0.68565400838339,0.27887658228012
234,0.0738396625525391,0.685654008373695,0.278876582288277
234.5,0.073839662550238,0.685654008365053,0.278876582295707
235,0.073839662547766,0.685654008357406,0.278876582302445
235.5,0.0738396625451465,0.685654008350698,0.278876582308527
236,0.0738396625424013,0.685654008344872,0.278876582313986
236.5,0.0738396625395508,0.685654008339874,0.278876582318855
237,0.073839662536614,0.685654008335652,0.278876582323168
237.5,0.0738396625336088,0.685654008332155,0.278876582326956
238,0.0738396625305515,0.685654008329334,0.27887658233025
238.5,0.0738396625274576,0.685654008327142,0.278876582333081
239,0.0738396625243411,0.685654008325532,0.278876582335477
239.5,0.073839662521215,0.685654008324462,0.278876582337468
240,0.0738396625180912,0.685654008323888,0.27887658233908
240.5,0.0738396625149806,0.685654008323773,0.27887658234034
241,0.0738396625118933,0.685654008324075,0.278876582341273
241.5,0.0738396625088381,0.68565400832476,0.278876582341904
242,0.0738396625058232,0.685654008325793,0.278876582342255
242.5,0.0738396625028559,0.685654008327139,0.278876582342351
243,0.0738396624999427,0.685654008328769,0.278876582342211
243.5,0.0738396624970894,0.685654008330651,0.278876582341856
244,0.073839662494301,0.685654008332758,0.278876582341306
244.5,0.073839662491582,0.685654008335063,0.27887658234058
245,0.0738396624889361,0.685654008337542,0.278876582339694
245.5,0.0738396624863665,0.68565400834017,0.278876582338666
246,0.073839662483876,0.685654008342926,0.278876582337512
246.5,0.0738396624814665,0.685654008345789,0.278876582336245
247,0.0738396624791399,0.68565400834874,0.278876582334881
247.5,0.0738396624768973,0.68565400835176,0.278876582333431
248,0.0738396624747397,0.685654008354834,0.27887658233191
248.5,0.0738396624726674,0.685654008357946,0.278876582330327
249,0.0738396624706805,0.685654008361081,0.278876582328695
249.5,0.073839662468779,0.685654008364226,0.278876582327023
250,0.0738396624669623,0.68565400836737,0.278876582325319
250.5,0.0738396624652297,0.685654008370501,0.278876582323594
251,0.0738396624635803,0.685654008373609,0.278876582321855
251.5,0.0738396624620127,0.685654008376685,0.27887658232011
252,0.0738396624605257,0.685654008379721,0.278876582318364
252.5,0.0738396624591176,0.68565400838271,0.278876582316625
253,0.0738396624577869,0.685654008385645,0.278876582314897
253.5,0.0738396624565317,0.685654008388519,0.278876582313187
254,0.07383966245535,0.685654008391329,0.278876582311499
254.5,0.0738396624542397,0.685654008394069,0.278876582309836
255,0.0738396624531989,0.685654008396735,0.278876582308203
255.5,0.0738396624522252,0.685654008399325,0.278876582306603
256,0.0738396624513165,0.685654008401836,0.278876582305039
256.5,0.0738396624504704,0.685654008404265,0.278876582303513
257,0.0738396624496847,0.685654008406611,0.278876582302027
257.5,0.0738396624489571,0.685654008408872,0.278876582300584
258,0.0738396624482851,0.685654008411048,0.278876582299185
258.5,0.0738396624476665,0.685654008413138,0.27887658229783
259,0.0738396624470989,0.685654008415141,0.278876582296522
259.5,0.0738396624465801,0.68565400841706,0.278876582295261
260,0.0738396624461076,0.685654008418892,0.278876582294047
260.5,0.0738396624456794,0.68565400842064,0.278876582292881
261,0.073839662445293,0.685654008422305,0.278876582291763
261.5,0.0738396624449465,0.685654008423886,0.278876582290692
262,0.0738396624446375,0.685654008425387,0.278876582289668
262.5,0.0738396624443641,0.685654008426808,0.278876582288692
263,0.0738396624441242,0.685654008428152,0.278876582287762
263.5,0.0738396624439157,0.685654008429419,0.278876582286879
264,0.0738396624437368,0.685654008430612,0.27887658228604
264.5,0.0738396624435856,0.685654008431733,0.278876582285245
265,0.0738396624434603,0.685654008432784,0.278876582284494
265.5,0.0738396624433591,0.685654008433768,0.278876582283786
266,0.0738396624432804,0.685654008434685,0.278876582283118
266.5,0.0738396624432225,0.68565400843554,0.278876582282491
267,0.0738396624431838,0.685654008436334,0.278876582281903
267.5,0.0738396624431629,0.685654008437069,0.278876582281352
268,0.0738396624431583,0.685654008437749,0.278876582280838
268.5,0.0738396624431687,0.685654008438374,0.278876582280359
269,0.0738396624431927,0.685654008438948,0.278876582279914
269.5,0.0738396624432292,0.685654008439473,0.278876582279502
270,0.0738396624432768,0.685654008439951,0.278876582279121
270.5,0.0738396624433346,0.685654008440384,0.27887658227877
271,0.0738396624434014,0.685654008440775,0.278876582278448
271.5,0.0738396624434763,0.685654008441126,0.278876582278153
272,0.0738396624435582,0.685654008441439,0.278876582277885
272.5,0.0738396624436464,0.685654008441716,0.278876582277641
273,0.0738396624437399,0.685654008441959,0.278876582277421
273.5,0.073839662443838,0.68565400844217,0.278876582277224
274,0.0738396624439399,0.685654008442352,0.278876582277047
274.5,0.0738396624440449,0.685654008442506,0.278876582276891
275,0.0738396624441525,0.685654008442633,0.278876582276754
275.5,0.0738396624442619,0.685654008442736,0.278876582276634
276,0.0738396624443728,0.685654008442817,0.278876582276531
276.5,0.0738396624444844,0.685654008442876,0.278876582276444
277,0.0738396624445965,0.685654008442916,0.278876582276372
277.5,0.0738396624447085,0.685654008442938,0.278876582276313
278,0.0738396624448201,0.685654008442943,0.278876582276267
278.5,0.0738396624449309,0.685654008442934,0.278876582276232
279,0.0738396624450405,0.68565400844291,0.278876582276209
279.5,0.0738396624451488,0.685654008442874,0.278876582276195
280,0.0738396624452553,0.685654008442827,0.278876582276191
280.5,0.0738396624453599,0.685654008442769,0.278876582276195
281,0.0738396624454624,0.685654008442703,0.278876582276207
281.5,0.0738396624455626,0.685654008442628,0.278876582276227
282,0.0738396624456603,0.685654008442546,0.278876582276252
282.5,0.0738396624457554,0.685654008442457,0.278876582276283
283,0.0738396624458477,0.685654008442363,0.27887658227632
283.5,0.0738396624459373,0.685654008442265,0.278876582276361
284,0.0738396624460239,0.685654008442163,0.278876582276406
284.5,0.0738396624461076,0.685654008442057,0.278876582276455
285,0.0738396624461882,0.685654008441949,0.278876582276506
285.5,0.0738396624462658,0.685654008441839,0.278876582276561
286,0.0738396624463404,0.685654008441727,0.278876582276617
286.5,0.0738396624464119,0.685654008441615,0.278876582276676
287,0.0738396624464803,0.685654008441502,0.278876582276736
287.5,0.0738396624465457,0.68565400844139,0.278876582276797
288,0.0738396624466081,0.685654008441277,0.278876582276858
288.5,0.0738396624466674,0.685654008441166,0.278876582276921
289,0.0738396624467239,0.685654008441055,0.278876582276983
289.5,0.0738396624467774,0.685654008440946,0.278876582277046
290,0.0738396624468282,0.685654008440839,0.278876582277108
290.5,0.0738396624468761,0.685654008440734,0.27887658227717
291,0.0738396624469213,0.68565400844063,0.278876582277232
291.5,0.0738396624469639,0.685654008440529,0.278876582277292
292,0.0738396624470039,0.685654008440431,0.278876582277352
292.5,0.0738396624470414,0.685654008440335,0.278876582277411
293,0.0738396624470766,0.685654008440242,0.278876582277468
293.5,0.0738396624471093,0.685654008440152,0.278876582277524
294,0.0738396624471399,0.685654008440065,0.278876582277579
294.5,0.0738396624471682,0.68565400843998,0.278876582277632
295,0.0738396624471945,0.685654008439899,0.278876582277684
295.5,0.0738396624472187,0.685654008439821,0.278876582277735
296,0.0738396624472411,0.685654008439745,0.278876582277783
296.5,0.0738396624472615,0.685654008439673,0.27887658227783
297,0.0738396624472803,0.685654008439604,0.278876582277876
297.5,0.0738396624472974,0.685654008439538,0.278876582277919
298,0.0738396624473129,0.685654008439475,0.278876582277961
298.5,0.0738396624473268,0.685654008439415,0.278876582278002
299,0.0738396624473394,0.685654008439358,0.27887658227804
299.5,0.0738396624473506,0.685654008439304,0.278876582278077
300,0.0738396624473605,0.685654008439253,0.278876582278112
300.5,0.0738396624473692,0.685654008439205,0.278876582278146
301,0.0738396624473767,0.685654008439159,0.278876582278177
301.5,0.0738396624473832,0.685654008439116,0.278876582278208
302,0.0738396624473887,0.685654008439076,0.278876582278236
302.5,0.0738396624473933,0.685654008439038,0.278876582278263
303,0.073839662447397,0.685654008439002,0.278876582278289
303.5,0.0738396624473999,0.685654008438969,0.278876582278313
304,0.073839662447402,0.685654008438939,0.278876582278335
304.5,0.0738396624474034,0.68565400843891,0.278876582278357
305,0.0738396624474043,0.685654008438883,0.278876582278376
305.5,0.0738396624474045,0.685654008438859,0.278876582278395
306,0.0738396624474041,0.685654008438836,0.278876582278412
306.5,0.0738396624474033,0.685654008438816,0.278876582278428
307,0.073839662447402,0.685654008438797,0.278876582278443
307.5,0.0738396624474004,0.685654008438779,0.278876582278457
308,0.0738396624473983,0.685654008438764,0.27887658227847
308.5,0.073839662447396,0.68565400843875,0.278876582278481
309,0.0738396624473933,0.685654008438737,0.278876582278492
309.5,0.0738396624473904,0.685654008438725,0.278876582278502
310,0.0738396624473872,0.685654008438715,0.27887658227851
310.5,0.0738396624473839,0.685654008438706,0.278876582278518
311,0.0738396624473804,0.685654008438699,0.278876582278526
311.5,0.0738396624473767,0.685654008438692,0.278876582278532
312,0.073839662447373,0.685654008438687,0.278876582278538
312.5,0.0738396624473691,0.685654008438682,0.278876582278543
313,0.0738396624473652,0.685654008438678,0.278876582278547
313.5,0.0738396624473612,0.685654008438675,0.278876582278551
314,0.0738396624473572,0.685654008438673,0.278876582278554
314.5,0.0738396624473532,0.685654008438672,0.278876582278556
315,0.0738396624473492,0.685654008438671,0.278876582278559
315.5,0.0738396624473451,0.685654008438671,0.27887658227856
316,0.0738396624473412,0.685654008438671,0.278876582278562
316.5,0.0738396624473372,0.685654008438672,0.278876582278563
317,0.0738396624473333,0.685654008438673,0.278876582278563
317.5,0.0738396624473295,0.685654008438675,0.278876582278563
318,0.0738396624473257,0.685654008438677,0.278876582278563
318.5,0.0738396624473221,0.685654008438679,0.278876582278563
319,0.0738396624473185,0.685654008438682,0.278876582278562
319.5,0.0738396624473149,0.685654008438685,0.278876582278561
320,0.0738396624473115,0.685654008438688,0.27887658227856
320.5,0.0738396624473082,0.685654008438691,0.278876582278559
321,0.073839662447305,0.685654008438695,0.278876582278557
321.5,0.0738396624473019,0.685654008438698,0.278876582278556
322,0.0738396624472989,0.685654008438702,0.278876582278554
322.5,0.073839662447296,0.685654008438706,0.278876582278552
323,0.0738396624472932,0.68565400843871,0.27887658227855
323.5,0.0738396624472905,0.685654008438714,0.278876582278548
324,0.0738396624472879,0.685654008438718,0.278876582278546
324.5,0.0738396624472855,0.685654008438722,0.278876582278544
325,0.0738396624472831,0.685654008438726,0.278876582278542
325.5,0.0738396624472809,0.68565400843873,0.278876582278539
326,0.0738396624472788,0.685654008438734,0.278876582278537
326.5,0.0738396624472767,0.685654008438738,0.278876582278535
327,0.0738396624472748,0.685654008438742,0.278876582278533
327.5,0.073839662447273,0.685654008438746,0.278876582278531
328,0.0738396624472712,0.68565400843875,0.278876582278528
328.5,0.0738396624472696,0.685654008438753,0.278876582278526
329,0.073839662447268,0.685654008438757,0.278876582278524
329.5,0.0738396624472666,0.68565400843876,0.278876582278522
330,0.0738396624472652,0.685654008438764,0.27887658227852
330.5,0.073839662447264,0.685654008438767,0.278876582278518
331,0.0738396624472628,0.68565400843877,0.278876582278516
331.5,0.0738396624472617,0.685654008438774,0.278876582278514
332,0.0738396624472606,0.685654008438777,0.278876582278512
332.5,0.0738396624472597,0.68565400843878,0.27887658227851
333,0.0738396624472588,0.685654008438782,0.278876582278508
333.5,0.073839662447258,0.685654008438785,0.278876582278506
334,0.0738396624472573,0.685654008438788,0.278876582278504
334.5,0.0738396624472566,0.68565400843879,0.278876582278503
335,0.073839662447256,0.685654008438793,0.278876582278501
335.5,0.0738396624472555,0.685654008438795,0.2788765822785
336,0.073839662447255,0.685654008438797,0.278876582278498
336.5,0.0738396624472545,0.685654008438799,0.278876582278497
337,0.0738396624472541,0.685654008438801,0.278876582278496
337.5,0.0738396624472537,0.685654008438803,0.278876582278494
338,0.0738396624472534,0.685654008438805,0.278876582278493
338.5,0.0738396624472532,0.685654008438806,0.278876582278492
339,0.0738396624472529,0.685654008438808,0.278876582278491
339.5,0.0738396624472527,0.685654008438809,0.27887658227849
340,0.0738396624472526,0.685654008438811,0.278876582278489
340.5,0.0738396624472524,0.685654008438812,0.278876582278488
341,0.0738396624472523,0.685654008438813,0.278876582278487
341.5,0.0738396624472522,0.685654008438814,0.278876582278486
342,0.0738396624472522,0.685654008438815,0.278876582278485
342.5,0.0738396624472522,0.685654008438816,0.278876582278485
343,0.0738396624472521,0.685654008438817,0.278876582278484
343.5,0.0738396624472522,0.685654008438818,0.278876582278483
344,0.0738396624472522,0.685654008438819,0.278876582278483
344.5,0.0738396624472522,0.685654008438819,0.278876582278482
345,0.0738396624472523,0.68565400843882,0.278876582278482
345.5,0.0738396624472524,0.685654008438821,0.278876582278481
346,0.0738396624472525,0.685654008438821,0.278876582278481
346.5,0.0738396624472526,0.685654008438822,0.278876582278481
347,0.0738396624472527,0.685654008438822,0.27887658227848
347.5,0.0738396624472528,0.685654008438822,0.27887658227848
348,0.0738396624472529,0.685654008438823,0.27887658227848
348.5,0.073839662447253,0.685654008438823,0.278876582278479
349,0.0738396624472532,0.685654008438823,0.278876582278479
349.5,0.0738396624472533,0.685654008438823,0.278876582278479
350,0.0738396624472534,0.685654008438824,0.278876582278479
350.5,0.0738396624472536,0.685654008438824,0.278876582278479
351,0.0738396624472537,0.685654008438824,0.278876582278479
351.5,0.0738396624472538,0.685654008438824,0.278876582278478
352,0.073839662447254,0.685654008438824,0.278876582278478
352.5,0.0738396624472541,0.685654008438824,0.278876582278478
353,0.0738396624472543,0.685654008438824,0.278876582278478
353.5,0.0738396624472544,0.685654008438824,0.278876582278478
354,0.0738396624472545,0.685654008438824,0.278876582278478
354.5,0.0738396624472547,0.685654008438824,0.278876582278478
355,0.0738396624472548,0.685654008438824,0.278876582278478
355.5,0.073839662447255,0.685654008438824,0.278876582278478
356,0.0738396624472551,0.685654008438824,0.278876582278478
356.5,0.0738396624472552,0.685654008438823,0.278876582278478
357,0.0738396624472554,0.685654008438823,0.278876582278478
357.5,0.0738396624472555,0.685654008438823,0.278876582278478
358,0.0738396624472556,0.685654008438823,0.278876582278478
358.5,0.0738396624472557,0.685654008438823,0.278876582278478
359,0.0738396624472558,0.685654008438823,0.278876582278478
359.5,0.0738396624472559,0.685654008438823,0.278876582278478
360,0.0738396624472561,0.685654008438823,0.278876582278478
360.5,0.0738396624472561,0.685654008438823,0.278876582278479
361,0.0738396624472562,0.685654008438822,0.278876582278479
361.5,0.0738396624472563,0.685654008438822,0.278876582278479
362,0.0738396624472564,0.685654008438822,0.278876582278479
362.5,0.0738396624472565,0.685654008438822,0.278876582278479
363,0.0738396624472566,0.685654008438822,0.278876582278479
363.5,0.0738396624472567,0.685654008438822,0.278876582278479
364,0.0738396624472567,0.685654008438822,0.278876582278479
364.5,0.0738396624472568,0.685654008438821,0.278876582278479
365,0.0738396624472569,0.685654008438821,0.278876582278479
365.5,0.073839662447257,0.685654008438821,0.278876582278479
366,0.073839662447257,0.685654008438821,0.278876582278479
366.5,0.0738396624472571,0.685654008438821,0.27887658227848
367,0.0738396624472571,0.685654008438821,0.27887658227848
367.5,0.0738396624472571,0.685654008438821,0.27887658227848
368,0.0738396624472572,0.685654008438821,0.27887658227848
368.5,0.0738396624472572,0.68565400843882,0.27887658227848
369,0.0738396624472573,0.68565400843882,0.27887658227848
369.5,0.0738396624472573,0.68565400843882,0.27887658227848
370,0.0738396624472574,0.68565400843882,0.27887658227848
370.5,0.0738396624472574,0.68565400843882,0.27887658227848
371,0.0738396624472574,0.68565400843882,0.27887658227848
371.5,0.0738396624472575,0.68565400843882,0.27887658227848
372,0.0738396624472575,0.68565400843882,0.27887658227848
372.5,0.0738396624472575,0.68565400843882,0.27887658227848
373,0.0738396624472575,0.685654008438819,0.27887658227848
373.5,0.0738396624472576,0.685654008438819,0.27887658227848
374,0.0738396624472576,0.685654008438819,0.27887658227848
374.5,0.0738396624472576,0.685654008438819,0.27887658227848
375,0.0738396624472576,0.685654008438819,0.27887658227848
375.5,0.0738396624472576,0.685654008438819,0.278876582278481
376,0.0738396624472576,0.685654008438819,0.278876582278481
376.5,0.0738396624472577,0.685654008438819,0.278876582278481
377,0.0738396624472577,0.685654008438819,0.278876582278481
377.5,0.0738396624472577,0.685654008438819,0.278876582278481
378,0.0738396624472577,0.685654008438819,0.278876582278481
378.5,0.0738396624472577,0.685654008438819,0.278876582278481
379,0.0738396624472577,0.685654008438819,0.278876582278481
379.5,0.0738396624472577,0.685654008438819,0.278876582278481
380,0.0738396624472577,0.685654008438819,0.278876582278481
380.5,0.0738396624472577,0.685654008438819,0.278876582278481
381,0.0738396624472577,0.685654008438819,0.278876582278481
381.5,0.0738396624472577,0.685654008438819,0.278876582278481
382,0.0738396624472577,0.685654008438819,0.278876582278481
382.5,0.0738396624472577,0.685654008438819,0.278876582278481
383,0.0738396624472577,0.685654008438819,0.278876582278481
383.5,0.0738396624472577,0.685654008438819,0.278876582278481
384,0.0738396624472577,0.685654008438819,0.278876582278481
384.5,0.0738396624472577,0.685654008438819,0.278876582278481
385,0.0738396624472577,0.685654008438819,0.278876582278481
385.5,0.0738396624472577,0.685654008438819,0.278876582278481
386,0.0738396624472577,0.685654008438819,0.278876582278481
386.5,0.0738396624472577,0.685654008438819,0.278876582278481
387,0.0738396624472577,0.685654008438819,0.278876582278481
387.5,0.0738396624472577,0.685654008438819,0.278876582278481
388,0.0738396624472577,0.685654008438819,0.278876582278481
388.5,0.0738396624472577,0.685654008438819,0.278876582278481
389,0.0738396624472577,0.685654008438819,0.278876582278481
389.5,0.0738396624472577,0.685654008438819,0.278876582278481
390,0.0738396624472577,0.685654008438819,0.278876582278481
390.5,0.0738396624472577,0.685654008438819,0.278876582278481
391,0.0738396624472577,0.685654008438819,0.278876582278481
391.5,0.0738396624472577,0.685654008438819,0.278876582278481
392,0.0738396624472577,0.685654008438819,0.278876582278481
392.5,0.0738396624472577,0.685654008438819,0.278876582278481
393,0.0738396624472577,0.685654008438819,0.278876582278481
393.5,0.0738396624472577,0.685654008438819,0.278876582278481
394,0.0738396624472577,0.685654008438819,0.278876582278481
394.5,0.0738396624472577,0.685654008438819,0.278876582278481
395,0.0738396624472577,0.685654008438819,0.278876582278481
395.5,0.0738396624472577,0.685654008438819,0.278876582278481
396,0.0738396624472577,0.685654008438819,0.278876582278481
396.5,0.0738396624472577,0.685654008438819,0.278876582278481
397,0.0738396624472577,0.685654008438819,0.278876582278481
397.5,0.0738396624472577,0.685654008438819,0.278876582278481
398,0.0738396624472577,0.685654008438819,0.278876582278481
398.5,0.0738396624472577,0.685654008438819,0.278876582278481
399,0.0738396624472577,0.685654008438819,0.278876582278481
399.5,0.0738396624472577,0.685654008438819,0.278876582278481
400,0.0738396624472577,0.685654008438819,0.278876582278481
400.5,0.0738396624472577,0.685654008438819,0.278876582278481
401,0.0738396624472577,0.685654008438819,0.278876582278481
401.5,0.0738396624472577,0.685654008438819,0.278876582278481
402,0.0738396624472577,0.685654008438819,0.278876582278481
402.5,0.0738396624472577,0.685654008438819,0.278876582278481
403,0.0738396624472577,0.685654008438819,0.278876582278481
403.5,0.0738396624472577,0.685654008438819,0.278876582278481
404,0.0738396624472577,0.685654008438819,0.278876582278481
404.5,0.0738396624472577,0.685654008438819,0.278876582278481
405,0.0738396624472577,0.685654008438819,0.278876582278481
405.5,0.0738396624472577,0.685654008438819,0.278876582278481
406,0.0738396624472577,0.685654008438819,0.278876582278481
406.5,0.0738396624472577,0.685654008438819,0.278876582278481
407,0.0738396624472577,0.685654008438819,0.278876582278481
407.5,0.0738396624472577,0.685654008438819,0.278876582278481
408,0.0738396624472577,0.685654008438819,0.278876582278481
408.5,0.0738396624472577,0.685654008438819,0.278876582278481
409,0.0738396624472577,0.685654008438819,0.278876582278481
409.5,0.0738396624472577,0.685654008438819,0.278876582278481
410,0.0738396624472577,0.685654008438819,0.278876582278481
410.5,0.0738396624472577,0.685654008438819,0.278876582278481
411,0.0738396624472577,0.685654008438819,0.278876582278481
411.5,0.0738396624472577,0.685654008438819,0.278876582278481
412,0.0738396624472577,0.685654008438819,0.278876582278481
412.5,0.0738396624472577,0.685654008438819,0.278876582278481
413,0.0738396624472577,0.685654008438819,0.278876582278481
413.5,0.0738396624472577,0.685654008438819,0.278876582278481
414,0.0738396624472577,0.685654008438819,0.278876582278481
414.5,0.0738396624472577,0.685654008438819,0.278876582278481
415,0.0738396624472577,0.685654008438819,0.278876582278481
415.5,0.0738396624472577,0.685654008438819,0.278876582278481
416,0.0738396624472577,0.685654008438819,0.278876582278481
416.5,0.0738396624472577,0.685654008438819,0.278876582278481
417,0.0738396624472577,0.685654008438819,0.278876582278481
417.5,0.0738396624472577,0.685654008438819,0.278876582278481
418,0.0738396624472577,0.685654008438819,0.278876582278481
418.5,0.0738396624472577,0.685654008438819,0.278876582278481
419,0.0738396624472577,0.685654008438819,0.278876582278481
419.5,0.0738396624472577,0.685654008438819,0.278876582278481
420,0.0738396624472577,0.685654008438819,0.278876582278481
420.5,0.0738396624472577,0.685654008438819,0.278876582278481
421,0.0738396624472577,0.685654008438819,0.278876582278481
421.5,0.0738396624472577,0.685654008438819,0.278876582278481
422,0.0738396624472577,0.685654008438819,0.278876582278481
422.5,0.0738396624472577,0.685654008438819,0.278876582278481
423,0.0738396624472577,0.685654008438819,0.278876582278481
423.5,0.0738396624472577,0.685654008438819,0.278876582278481
424,0.0738396624472577,0.685654008438819,0.278876582278481
424.5,0.0738396624472577,0.685654008438819,0.278876582278481
425,0.0738396624472577,0.685654008438819,0.278876582278481
425.5,0.0738396624472577,0.685654008438819,0.278876582278481
426,0.0738396624472577,0.685654008438819,0.278876582278481
426.5,0.0738396624472577,0.685654008438819,0.278876582278481
427,0.0738396624472577,0.685654008438819,0.278876582278481
427.5,0.0738396624472577,0.685654008438819,0.278876582278481
428,0.0738396624472577,0.685654008438819,0.278876582278481
428.5,0.0738396624472577,0.685654008438819,0.278876582278481
429,0.0738396624472577,0.685654008438819,0.278876582278481
429.5,0.0738396624472577,0.685654008438819,0.278876582278481
430,0.0738396624472577,0.685654008438819,0.278876582278481
430.5,0.0738396624472577,0.685654008438819,0.278876582278481
431,0.0738396624472577,0.685654008438819,0.278876582278481
431.5,0.0738396624472577,0.685654008438819,0.278876582278481
432,0.0738396624472577,0.685654008438819,0.278876582278481
432.5,0.0738396624472577,0.685654008438819,0.278876582278481
433,0.0738396624472577,0.685654008438819,0.278876582278481
433.5,0.0738396624472577,0.685654008438819,0.278876582278481
434,0.0738396624472577,0.685654008438819,0.278876582278481
434.5,0.0738396624472577,0.685654008438819,0.278876582278481
435,0.0738396624472577,0.685654008438819,0.278876582278481
435.5,0.0738396624472577,0.685654008438819,0.278876582278481
436,0.0738396624472577,0.685654008438819,0.278876582278481
436.5,0.0738396624472577,0.685654008438819,0.278876582278481
437,0.0738396624472577,0.685654008438819,0.278876582278481
437.5,0.0738396624472577,0.685654008438819,0.278876582278481
438,0.0738396624472577,0.685654008438819,0.278876582278481
438.5,0.0738396624472577,0.685654008438819,0.278876582278481
439,0.0738396624472577,0.685654008438819,0.278876582278481
439.5,0.0738396624472577,0.685654008438819,0.278876582278481
440,0.0738396624472577,0.685654008438819,0.278876582278481
440.5,0.0738396624472577,0.685654008438819,0.278876582278481
441,0.0738396624472577,0.685654008438819,0.278876582278481
441.5,0.0738396624472577,0.685654008438819,0.278876582278481
442,0.0738396624472577,0.685654008438819,0.278876582278481
442.5,0.0738396624472577,0.685654008438819,0.278876582278481
443,0.0738396624472577,0.685654008438819,0.278876582278481
443.5,0.0738396624472577,0.685654008438819,0.278876582278481
444,0.0738396624472577,0.685654008438819,0.278876582278481
444.5,0.0738396624472577,0.685654008438819,0.278876582278481
445,0.0738396624472577,0.685654008438819,0.278876582278481
445.5,0.0738396624472577,0.685654008438819,0.278876582278481
446,0.0738396624472577,0.685654008438819,0.278876582278481
446.5,0.0738396624472577,0.685654008438819,0.278876582278481
447,0.0738396624472577,0.685654008438819,0.278876582278481
447.5,0.0738396624472577,0.685654008438819,0.278876582278481
448,0.0738396624472577,0.685654008438819,0.278876582278481
448.5,0.0738396624472577,0.685654008438819,0.278876582278481
449,0.0738396624472577,0.685654008438819,0.278876582278481
449.5,0.0738396624472577,0.685654008438819,0.278876582278481
450,0.0738396624472577,0.685654008438819,0.278876582278481
450.5,0.0738396624472577,0.685654008438819,0.278876582278481
451,0.0738396624472577,0.685654008438819,0.278876582278481
451.5,0.0738396624472577,0.685654008438819,0.278876582278481
452,0.0738396624472577,0.685654008438819,0.278876582278481
452.5,0.0738396624472577,0.685654008438819,0.278876582278481
453,0.0738396624472577,0.685654008438819,0.278876582278481
453.5,0.0738396624472577,0.685654008438819,0.278876582278481
454,0.0738396624472577,0.685654008438819,0.278876582278481
454.5,0.0738396624472577,0.685654008438819,0.278876582278481
455,0.0738396624472577,0.685654008438819,0.278876582278481
455.5,0.0738396624472577,0.685654008438819,0.278876582278481
456,0.0738396624472577,0.685654008438819,0.278876582278481
456.5,0.0738396624472577,0.685654008438819,0.278876582278481
457,0.0738396624472577,0.685654008438819,0.278876582278481
457.5,0.0738396624472577,0.685654008438819,0.278876582278481
458,0.0738396624472577,0.685654008438819,0.278876582278481
458.5,0.0738396624472577,0.685654008438819,0.278876582278481
459,0.0738396624472577,0.685654008438819,0.278876582278481
459.5,0.0738396624472577,0.685654008438819,0.278876582278481
460,0.0738396624472577,0.685654008438819,0.278876582278481
460.5,0.0738396624472577,0.685654008438819,0.278876582278481
461,0.0738396624472577,0.685654008438819,0.278876582278481
461.5,0.0738396624472577,0.685654008438819,0.278876582278481
462,0.0738396624472577,0.685654008438819,0.278876582278481
462.5,0.0738396624472577,0.685654008438819,0.278876582278481
463,0.0738396624472577,0.685654008438819,0.278876582278481
463.5,0.0738396624472577,0.685654008438819,0.278876582278481
464,0.0738396624472577,0.685654008438819,0.278876582278481
464.5,0.0738396624472577,0.685654008438819,0.278876582278481
465,0.0738396624472577,0.685654008438819,0.278876582278481
465.5,0.0738396624472577,0.685654008438819,0.278876582278481
466,0.0738396624472577,0.685654008438819,0.278876582278481
466.5,0.0738396624472577,0.685654008438819,0.278876582278481
467,0.0738396624472577,0.685654008438819,0.278876582278481
467.5,0.0738396624472577,0.685654008438819,0.278876582278481
468,0.0738396624472577,0.685654008438819,0.278876582278481
468.5,0.0738396624472577,0.685654008438819,0.278876582278481
469,0.0738396624472577,0.685654008438819,0.278876582278481
469.5,0.0738396624472577,0.685654008438819,0.278876582278481
470,0.0738396624472577,0.685654008438819,0.278876582278481
470.5,0.0738396624472577,0.685654008438819,0.278876582278481
471,0.0738396624472577,0.685654008438819,0.278876582278481
471.5,0.0738396624472577,0.685654008438819,0.278876582278481
472,0.0738396624472577,0.685654008438819,0.278876582278481
472.5,0.0738396624472577,0.685654008438819,0.278876582278481
473,0.0738396624472577,0.685654008438819,0.278876582278481
473.5,0.0738396624472577,0.685654008438819,0.278876582278481
474,0.0738396624472577,0.685654008438819,0.278876582278481
474.5,0.0738396624472577,0.685654008438819,0.278876582278481
475,0.0738396624472577,0.685654008438819,0.278876582278481
475.5,0.0738396624472577,0.685654008438819,0.278876582278481
476,0.0738396624472577,0.685654008438819,0.278876582278481
476.5,0.0738396624472577,0.685654008438819,0.278876582278481
477,0.0738396624472577,0.685654008438819,0.278876582278481
477.5,0.0738396624472577,0.685654008438819,0.278876582278481
478,0.0738396624472577,0.685654008438819,0.278876582278481
478.5,0.0738396624472577,0.685654008438819,0.278876582278481
479,0.0738396624472577,0.685654008438819,0.278876582278481
479.5,0.0738396624472577,0.685654008438819,0.278876582278481
480,0.0738396624472577,0.685654008438819,0.278876582278481
480.5,0.0738396624472577,0.685654008438819,0.278876582278481
481,0.0738396624472577,0.685654008438819,0.278876582278481
481.5,0.0738396624472577,0.685654008438819,0.278876582278481
482,0.0738396624472577,0.685654008438819,0.278876582278481
482.5,0.0738396624472577,0.685654008438819,0.278876582278481
483,0.0738396624472577,0.685654008438819,0.278876582278481
483.5,0.0738396624472577,0.685654008438819,0.278876582278481
484,0.0738396624472577,0.685654008438819,0.278876582278481
484.5,0.0738396624472577,0.685654008438819,0.278876582278481
485,0.0738396624472577,0.685654008438819,0.278876582278481
485.5,0.0738396624472577,0.685654008438819,0.278876582278481
486,0.0738396624472577,0.685654008438819,0.278876582278481
486.5,0.0738396624472577,0.685654008438819,0.278876582278481
487,0.0738396624472577,0.685654008438819,0.278876582278481
487.5,0.0738396624472577,0.685654008438819,0.278876582278481
488,0.0738396624472577,0.685654008438819,0.278876582278481
488.5,0.0738396624472577,0.685654008438819,0.278876582278481
489,0.0738396624472577,0.685654008438819,0.278876582278481
489.5,0.0738396624472577,0.685654008438819,0.278876582278481
490,0.0738396624472577,0.685654008438819,0.278876582278481
490.5,0.0738396624472577,0.685654008438819,0.278876582278481
491,0.0738396624472577,0.685654008438819,0.278876582278481
491.5,0.0738396624472577,0.685654008438819,0.278876582278481
492,0.0738396624472577,0.685654008438819,0.278876582278481
492.5,0.0738396624472577,0.685654008438819,0.278876582278481
493,0.0738396624472577,0.685654008438819,0.278876582278481
493.5,0.0738396624472577,0.685654008438819,0.278876582278481
494,0.0738396624472577,0.685654008438819,0.278876582278481
494.5,0.0738396624472577,0.685654008438819,0.278876582278481
495,0.0738396624472577,0.685654008438819,0.278876582278481
495.5,0.0738396624472577,0.685654008438819,0.278876582278481
496,0.0738396624472577,0.685654008438819,0.278876582278481
496.5,0.0738396624472577,0.685654008438819,0.278876582278481
497,0.0738396624472577,0.685654008438819,0.278876582278481
497.5,0.0738396624472577,0.685654008438819,0.278876582278481
498,0.0738396624472577,0.685654008438819,0.278876582278481
498.5,0.0738396624472577,0.685654008438819,0.278876582278481
499,0.0738396624472577,0.685654008438819,0.278876582278481
499.5,0.0738396624472577,0.685654008438819,0.278876582278481
500,0.0738396624472577,0.685654008438819,0.278876582278481
